id,end_station,dest_y,dest_x,count
1,1 Ave & E 16 St,40.73221853,-73.98165557,8
2,1 Ave & E 18 St,40.73381219,-73.98054421,3
3,1 Ave & E 30 St,40.74144387,-73.97536082,82
4,1 Ave & E 44 St,40.75001986,-73.96905301,27
5,1 Ave & E 62 St,40.7612274,-73.96094022,111
6,1 Ave & E 68 St,40.76500525,-73.95818491,72
7,1 Ave & E 78 St,40.77140426,-73.9535166,77
8,1 Ave & E 94 St,40.7817212,-73.94594,24
9,1 Pl & Clinton St,40.6809591,-73.99905709,3
10,10 St & 5 Ave,40.6686273,-73.98700053,13
11,10 St & 7 Ave,40.6662078,-73.98199886,21
12,11 Ave & W 27 St,40.751396,-74.005226,129
13,11 Ave & W 41 St,40.76030096,-73.99884222,168
14,11 Ave & W 59 St,40.771522,-73.990541,52
15,12 Ave & W 40 St,40.76087502,-74.00277668,92
16,12 St & 4 Ave,40.668603,-73.9904394,7
17,14 St & 5 Ave,40.666287,-73.98895053,17
18,14 St & 7 Ave,40.663779,-73.98396846,14
19,2 Ave  & E 104 St,40.7892105,-73.94370784,19
20,2 Ave & 9 St,40.6724811,-73.99331394,8
21,2 Ave & E 31 St,40.74290902,-73.97706058,117
22,2 Ave & E 99 St,40.7862586,-73.94552579,5
23,21 St & 41 Ave,40.75383343,-73.94267678,13
24,21 St & 43 Ave,40.75052534,-73.94594845,8
25,3 Ave & 14 St,40.6685455,-73.99333264,11
26,3 Ave & E 100 St,40.7877214,-73.94728331,2
27,3 Ave & E 62 St,40.76312584,-73.96526895,28
28,3 Ave & E 71 St,40.76873687,-73.96119945,22
29,3 Ave & E 72 St,40.7699426,-73.96060712,0
30,3 Ave & Schermerhorn St,40.68683208,-73.9796772,11
31,3 St & 3 Ave,40.6750705,-73.98775226,15
32,3 St & 7 Ave,40.6703837,-73.97839676,15
33,3 St & Hoyt St,40.6777287,-73.99364123,12
34,3 St & Prospect Park West,40.668132,-73.97363831,5
35,31 St & Thomson Ave,40.74469738,-73.93540375,1
36,4 Ave & 9 St,40.6705135,-73.98876585,22
37,44 Dr & Jackson Ave,40.74718234,-73.9432635,19
38,45 Rd & 11 St,40.74708586,-73.94977234,33
39,46 Ave & 5 St,40.74731,-73.95451,13
40,47 Ave & 31 St,40.743,-73.93561,2
41,48 Ave & 5 St,40.74436329,-73.95587325,12
42,5 Ave & 3 St,40.6728155,-73.98352355,18
43,5 Ave & E 103 St,40.7922553,-73.95249933,17
44,5 Ave & E 29 St,40.7451677,-73.98683077,92
45,5 Ave & E 73 St,40.77282817,-73.96685276,31
46,5 Ave & E 78 St,40.77682863,-73.96388769,19
47,5 Ave & E 88 St,40.78307,-73.95939,23
48,5 Ave & E 93 St,40.7857851,-73.957481,8
49,5 St & 6 Ave,40.6704836,-73.98208968,4
50,6 Ave & 12 St,40.6663181,-73.9854617,3
51,6 Ave & 9 St,40.668127,-73.98377641,8
52,6 Ave & Broome St,40.724399,-74.004704,78
53,6 Ave & Canal St,40.72243797,-74.00566443,96
54,6 Ave & W 33 St,40.74901271,-73.98848395,161
55,6 St & 7 Ave,40.6686627,-73.97988067,7
56,7 Ave & Park Pl,40.6776147,-73.97324283,36
57,7 St & 3 Ave,40.67260298,-73.98983002,6
58,7 St & 5 Ave,40.6704922,-73.98541675,5
59,78 St & 2 Ave,40.7727966,-73.95577801,28
60,8 Ave & W 16 St,40.740983,-74.001702,112
61,8 Ave & W 31 St,40.75058535,-73.99468482,257
62,8 Ave & W 33 St,40.751551,-73.993934,231
63,8 Ave & W 52 St,40.76370739,-73.9851615,118
64,8D OPS 01,40.68486875,-74.02544975,0
65,9 Ave & W 18 St,40.74317449,-74.00366443,348
66,9 Ave & W 22 St,40.7454973,-74.00197139,141
67,9 Ave & W 28 St,40.74937024,-73.99923384,103
68,9 Ave & W 45 St,40.76019252,-73.9912551,237
69,9 St & 44 Rd,40.74966,-73.9521,2
70,Adelphi St & Myrtle Ave,40.69308257,-73.97178913,14
71,Albany Ave & Fulton St,40.6800105,-73.938475,6
72,Allen St & Hester St,40.71605866,-73.99190759,106
73,Allen St & Rivington St,40.72019576,-73.98997825,287
74,Allen St & Stanton St,40.722055,-73.989111,442
75,Amsterdam Ave & W 66 St,40.7746671,-73.98470567,7
76,Amsterdam Ave & W 73 St,40.77966809,-73.98093045,69
77,Amsterdam Ave & W 79 St,40.7829391,-73.9786517,14
78,Amsterdam Ave & W 82 St,40.78524672,-73.97667321,43
79,Atlantic Ave & Fort Greene Pl,40.68382604,-73.97632328,42
80,Atlantic Ave & Furman St,40.69165183,-73.9999786,51
81,Avenue D & E 12 St,40.72580614,-73.97422494,15
82,Avenue D & E 3 St,40.72082834,-73.97793172,42
83,Avenue D & E 8 St,40.72368361,-73.97574813,17
84,Baldwin at Montgomery,40.7236589,-74.0641943,0
85,Baltic St & 5 Ave,40.6795766,-73.97854971,31
86,Bank St & Hudson St,40.73652889,-74.00618026,123
87,Bank St & Washington St,40.7361967,-74.00859207,121
88,Banker St & Meserole Ave,40.72606,-73.95621,48
89,Barclay St & Church St,40.71291224,-74.01020234,118
90,Barrow St & Hudson St,40.73172428,-74.00674436,83
91,Bayard St & Baxter St,40.71602118,-73.99974372,77
92,Bedford Ave & Nassau Ave,40.72311651,-73.95212324,133
93,Bedford Ave & S 9 St,40.70853074,-73.96408963,13
94,Bergen St & Flatbush Ave,40.68094472,-73.97567332,8
95,Bergen St & Smith St,40.6867443,-73.99063168,12
96,Berkeley Pl & 6 Ave,40.6765304,-73.97846879,6
97,Berry St & N 8 St,40.7190095,-73.95852515,82
98,Bialystoker Pl & Delancey St,40.71622644,-73.98261206,24
99,Bike in Movie Night | Prospect Park Bandshell,40.662987,-73.976918,0
100,Boerum St & Broadway,40.70538077,-73.94976519,14
101,Bond St & Bergen St,40.6849668,-73.98620772,13
102,Bond St & Fulton St,40.68962189,-73.98304269,20
103,Bond St & Schermerhorn St,40.68807003,-73.98410637,32
104,Broad St & Bridge St,40.70365182,-74.01167797,5
105,Broadway & Battery Pl,40.70463334,-74.01361706,61
106,Broadway & Berry St,40.71044554,-73.96525063,92
107,Broadway & E 14 St,40.73454567,-73.99074142,210
108,Broadway & E 22 St,40.7403432,-73.98955109,77
109,Broadway & Roebling St,40.70925562,-73.95982218,35
110,Broadway & W 24 St,40.7423543,-73.98915076,122
111,Broadway & W 29 St,40.7462009,-73.98855723,80
112,Broadway & W 32 St,40.74854862,-73.98808416,142
113,Broadway & W 36 St,40.75097711,-73.98765428,35
114,Broadway & W 37 St,40.75172632,-73.98753523,35
115,Broadway & W 39 St,40.75299641,-73.98721619,43
116,Broadway & W 41 St,40.75513557,-73.98658032,70
117,Broadway & W 49 St,40.76068327,-73.98452729,127
118,Broadway & W 51 St,40.76228826,-73.98336183,54
119,Broadway & W 53 St,40.76344058,-73.98268129,56
120,Broadway & W 55 St,40.7652654,-73.98192338,91
121,Broadway & W 58 St,40.76695317,-73.98169333,82
122,Broadway & W 60 St,40.76915505,-73.98191841,88
123,Broadway & Whipple St,40.7016657,-73.9437303,20
124,Brooklyn Bridge Park - Pier 2,40.69878,-73.99712,31
125,Bus Slip & State St,40.701907,-74.013942,38
126,Bushwick Ave & Powers St,40.71247661,-73.94100005,37
127,Butler St & Court St,40.6849894,-73.99440329,12
128,Cadman Plaza E & Red Cross Pl,40.69991755,-73.98971773,27
129,Cadman Plaza E & Tillary St,40.69597683,-73.99014892,23
130,Cambridge Pl & Gates Ave,40.68488,-73.96304,13
131,Canal St & Rutgers St,40.71427487,-73.98990025,191
132,Carlton Ave & Flushing Ave,40.697787,-73.973736,8
133,Carlton Ave & Park Ave,40.69580705,-73.97355569,5
134,Carmine St & 6 Ave,40.73038599,-74.00214988,366
135,Carroll St & 5 Ave,40.6751622,-73.9814832,15
136,Carroll St & 6 Ave,40.6740886,-73.9787282,6
137,Carroll St & Bond St,40.6786115,-73.99037292,26
138,Carroll St & Columbia St,40.6830456,-74.00348559,11
139,Carroll St & Smith St,40.680611,-73.99475825,37
140,Cathedral Pkwy & Broadway,40.804213,-73.96699104,67
141,Catherine St & Monroe St,40.71117444,-73.99682619,12
142,Center Blvd & Borden Ave,40.74161,-73.96044,6
143,Central Park North & Adam Clayton Powell Blvd,40.799484,-73.955613,25
144,Central Park S & 6 Ave,40.76590936,-73.97634151,89
145,Central Park W & W 96 St,40.79127,-73.964839,24
146,Central Park West & W 100 St,40.793393,-73.9635556,4
147,Central Park West & W 102 St,40.795346,-73.96186,45
148,Central Park West & W 68 St,40.7734066,-73.97782542,46
149,Central Park West & W 72 St,40.77579377,-73.97620574,53
150,Central Park West & W 76 St,40.77896784,-73.97374737,20
151,Central Park West & W 85 St,40.78472675,-73.96961715,40
152,Centre St & Chambers St,40.71273266,-74.0046073,157
153,Centre St & Worth St,40.71494807,-74.00234482,42
154,Cherry St,40.71219906,-73.97948148,25
155,Christopher St & Greenwich St,40.73291553,-74.00711384,126
156,Clark St & Henry St,40.69760127,-73.99344559,32
157,Clermont Ave & Lafayette Ave,40.68764484,-73.96968902,11
158,Clermont Ave & Park Ave,40.69573398,-73.97129668,2
159,Cleveland Pl & Spring St,40.72210379,-73.99724901,206
160,Cliff St & Fulton St,40.70823502,-74.00530063,74
161,Clinton Ave & Flushing Ave,40.69794,-73.96986848,7
162,Clinton Ave & Myrtle Ave,40.693261,-73.968896,28
163,Clinton St & 4 Place,40.6783563,-74.00014502,4
164,Clinton St & Centre St,40.67434,-74.00194698,0
165,Clinton St & Grand St,40.71559509,-73.9870295,37
166,Clinton St & Joralemon St,40.69239502,-73.99337909,21
167,Clinton St & Tillary St,40.696192,-73.991218,29
168,Clinton St & Union St,40.6831164,-73.99785267,6
169,Coffey St & Conover St,40.677236,-74.015665,0
170,Columbia Heights & Cranberry St,40.70037867,-73.99548059,9
171,Columbia St & Degraw St,40.6859296,-74.00242364,5
172,Columbia St & Kane St,40.68763155,-74.0016256,3
173,Columbia St & Lorraine St,40.6747055,-74.0075572,0
174,Columbia St & Rivington St,40.71739973,-73.98016555,30
175,Columbia St & W 9 St,40.6769993,-74.00647134,0
176,Columbus Ave & W 103 St,40.7969347,-73.96434123,7
177,Columbus Ave & W 72 St,40.7770575,-73.97898475,82
178,Columbus Ave & W 95 St,40.7919557,-73.968087,25
179,Commerce St & Van Brunt St,40.6812117,-74.00860912,6
180,Concord St & Bridge St,40.69766564,-73.98476437,23
181,Congress St & Clinton St,40.6881529,-73.99520919,17
182,Cooper Square & E 7 St,40.7292365,-73.99086803,424
183,Court St & Nelson St,40.6763947,-73.99869893,7
184,Court St & State St,40.6902375,-73.99203074,29
185,Cumberland St & Lafayette Ave,40.68753406,-73.97265183,22
186,DeKalb Ave & Hudson Ave,40.689888,-73.981013,51
187,DeKalb Ave & S Portland Ave,40.68981035,-73.97493121,36
188,DeKalb Ave & Skillman St,40.6906495,-73.95643107,31
189,DeKalb Ave & Vanderbilt Ave,40.68940747,-73.96885458,36
190,Dean St & 4 Ave,40.68312489,-73.97895137,27
191,Dean St & Hoyt St,40.6864442,-73.98759104,10
192,Degraw St & Hoyt St,40.68199044,-73.99079025,0
193,Degraw St & Smith St,40.6829151,-73.99318208,30
194,Devoe St & Leonard St,40.71348658,-73.94792458,40
195,Division Ave & Hooper St,40.70691254,-73.95441667,27
196,Division Ave & Marcy Ave,40.70708701,-73.95796783,8
197,Division St & Bowery,40.71413089,-73.9970468,87
198,Douglass St & 3 Ave,40.6802133,-73.98432695,14
199,Douglass St & 4 Ave,40.6792788,-73.98154004,22
200,Driggs Ave & Lorimer St,40.72179134,-73.9504154,37
201,Driggs Ave & N Henry St,40.72325,-73.94308,20
202,Duane St & Greenwich St,40.71748752,-74.0104554,32
203,Duffield St & Willoughby St,40.69221589,-73.9842844,32
204,E 10 St & 5 Ave,40.73331967,-73.99510132,70
205,E 10 St & Avenue A,40.72740794,-73.98142006,179
206,E 102 St & 1 Ave,40.7869946,-73.94164802,13
207,E 102 St & Park Ave,40.7904828,-73.95033068,4
208,E 103 St & Lexington Ave,40.7903051,-73.94755757,48
209,E 106 St & 1 Ave,40.7892529,-73.93956237,3
210,E 106 St & Lexington Ave,40.791976,-73.945993,10
211,E 106 St & Madison Ave,40.7934337,-73.94945003,4
212,E 109 St & 3 Ave,40.79329668,-73.9432083,13
213,E 11 St & 1 Ave,40.72953837,-73.98426726,175
214,E 11 St & 2 Ave,40.73047309,-73.98672378,205
215,E 11 St & Broadway,40.73261787,-73.99158043,57
216,E 110 St & Madison Ave,40.7961535,-73.94782145,16
217,E 12 St & 3 Ave,40.73223272,-73.98889957,215
218,E 13 St & Avenue A,40.72955361,-73.98057249,211
219,E 14 St & Avenue B,40.72938685,-73.97772429,99
220,E 15 St & 3 Ave,40.734232,-73.986923,228
221,E 16 St & 5 Ave,40.73726186,-73.99238967,70
222,E 16 St & Irving Pl,40.73524276,-73.98758561,60
223,E 17 St & Broadway,40.73704984,-73.99009296,142
224,E 19 St & 3 Ave,40.73624527,-73.98473765,96
225,E 2 St & 2 Ave,40.72456343,-73.98944378,203
226,E 2 St & Avenue B,40.72217444,-73.98368779,162
227,E 2 St & Avenue C,40.7208736,-73.98085795,42
228,E 20 St & 2 Ave,40.73587678,-73.98205027,183
229,E 20 St & FDR Drive,40.73314259,-73.97573881,34
230,E 20 St & Park Ave,40.73827428,-73.98751968,100
231,E 23 St & 1 Ave,40.736502,-73.97809472,23
232,E 24 St & Park Ave S,40.74096374,-73.98602213,68
233,E 25 St & 1 Ave,40.7381765,-73.97738662,107
234,E 25 St & 2 Ave,40.73912601,-73.97973776,147
235,E 27 St & 1 Ave,40.739445,-73.976806,71
236,E 3 St & 1 Ave,40.72467721,-73.98783413,61
237,E 30 St & Park Ave S,40.74444921,-73.98303529,78
238,E 31 St & 3 Ave,40.74394314,-73.97966069,135
239,E 32 St & Park Ave,40.7457121,-73.98194829,73
240,E 33 St & 2 Ave,40.744023,-73.976056,124
241,E 33 St & 5 Ave,40.74765947,-73.98490707,105
242,E 35 St & 3 Ave,40.746524,-73.977885,34
243,E 37 St & Lexington Ave,40.44535,-73.978238,0
244,E 39 St & 2 Ave,40.74780373,-73.9734419,132
245,E 39 St & 3 Ave,40.7489006,-73.97604882,84
246,E 40 St & 5 Ave,40.75206231,-73.9816324,51
247,E 41 St & Madison Ave,40.75216528,-73.97992194,17
248,E 43 St & 2 Ave,40.75022392,-73.97121414,30
249,E 45 St & 3 Ave,40.75255434,-73.97282625,43
250,E 47 St & 1 Ave,40.75206862,-73.96784384,18
251,E 47 St & 2 Ave,40.75323098,-73.97032517,59
252,E 47 St & Park Ave,40.75510267,-73.97498696,39
253,E 48 St & 3 Ave,40.7546011,-73.97187886,42
254,E 48 St & 5 Ave,40.75724568,-73.97805914,14
255,E 5 St & Avenue C,40.72299208,-73.97995466,61
256,E 51 St & 1 Ave,40.75455731,-73.96592976,31
257,E 51 St & Lexington Ave,40.75714758,-73.97207836,18
258,E 52 St & 2 Ave,40.756014,-73.967416,76
259,E 53 St & Lexington Ave,40.75828065,-73.97069431,24
260,E 53 St & Madison Ave,40.7597108,-73.97402311,18
261,E 55 St & 2 Ave,40.75797322,-73.96603308,61
262,E 55 St & 3 Ave,40.75899656,-73.96865398,26
263,E 55 St & Lexington Ave,40.75968085,-73.97031366,17
264,E 56 St & Madison Ave,40.761628,-73.972924,18
265,E 58 St & 1 Ave,40.75892386,-73.96226227,35
266,E 58 St & 3 Ave,40.76095756,-73.96724467,47
267,E 59 St & Madison Ave,40.76350532,-73.97109243,16
268,E 6 St & Avenue B,40.72453734,-73.98185424,153
269,E 6 St & Avenue D,40.72228087,-73.97668709,71
270,E 60 St & York Ave,40.759107,-73.959223,9
271,E 61 St & Park Ave,40.76421007,-73.96910459,5
272,E 65 St & 2 Ave,40.76471852,-73.9622207,0
273,E 66 St & Madison Ave,40.76800889,-73.96845281,8
274,E 67 St & Park Ave,40.7678008,-73.96592081,16
275,E 68 St & 3 Ave,40.7671284,-73.96224618,26
276,E 68 St & Madison Ave,40.7691572,-73.96703464,12
277,E 7 St & Avenue A,40.72621788,-73.98379855,68
278,E 71 St & 2 Ave,40.76817547,-73.95910263,30
279,E 72 St & Park Ave,40.77118288,-73.96409422,4
280,E 72 St & York Ave,40.76663814,-73.95348296,38
281,E 74 St & 1 Ave,40.7689738,-73.95482273,8
282,E 75 St & 3 Ave,40.77112927,-73.95772297,42
283,E 76 St & Park Ave,40.773763,-73.96222088,5
284,E 77 St & Park Ave,40.77440546,-73.96175265,0
285,E 80 St & 2 Ave,40.7739139,-73.95439535,42
286,E 81 St & 3 Ave,40.77573034,-73.9567526,32
287,E 81 St & Park Ave,40.77677702,-73.9590097,10
288,E 81 St & York Ave,40.7728384,-73.94989233,21
289,E 84 St & 1 Ave,40.77565541,-73.95068615,52
290,E 84 St & Park Ave,40.77862688,-73.95772073,43
291,E 85 St & 3 Ave,40.77801203,-73.95407149,101
292,E 85 St & York Ave,40.77536905,-73.94803392,20
293,E 88 St & 1 Ave,40.778301,-73.9488134,25
294,E 88 St & Park Ave,40.7814107,-73.95595908,19
295,E 89 St & 3 Ave,40.7806284,-73.9521667,26
296,E 89 St & York Ave,40.7779453,-73.946041,7
297,E 9 St & Avenue C,40.72521311,-73.97768752,87
298,E 91 St & 2 Ave,40.7811223,-73.94965589,26
299,E 91 St & Park Ave,40.7835016,-73.955327,6
300,E 95 St & 3 Ave,40.7849032,-73.950503,47
301,E 97 St & 3 Ave,40.7859201,-73.94860294,10
302,E 97 St & Madison Ave,40.787801,-73.953559,25
303,East End Ave & E 86 St,40.77518615,-73.94446054,4
304,Elizabeth St & Hester St,40.71759082,-73.9962244,121
305,Emerson Pl & Myrtle Ave,40.69363137,-73.96223558,28
306,FDR Drive & E 35 St,40.744219,-73.97121214,40
307,Forsyth St & Broome St,40.71893904,-73.99266288,215
308,Forsyth St & Canal St,40.7158155,-73.99422366,93
309,Franklin Ave & Myrtle Ave,40.694528,-73.958089,12
310,Franklin St & Dupont St,40.73564,-73.95866,10
311,Franklin St & W Broadway,40.71911552,-74.00666661,60
312,Front St & Gold St,40.70224,-73.982578,13
313,Front St & Maiden Ln,40.70530954,-74.00612572,42
314,Front St & Washington St,40.70255088,-73.98940236,40
315,Frost St & Meeker St,40.71764,-73.94882,44
316,Fulton St & Broadway,40.711066,-74.009447,72
317,Fulton St & Clermont Ave,40.68415748,-73.96922273,25
318,Fulton St & Grand Ave,40.68223166,-73.9614583,31
319,Fulton St & Rockwell Pl,40.688226,-73.979382,21
320,Fulton St & Utica Ave,40.6794268,-73.9298911,20
321,Fulton St & Washington Ave,40.683048,-73.964915,58
322,Fulton St & William St,40.70955958,-74.00653609,52
323,Garfield Pl & 8 Ave,40.6711978,-73.97484126,1
324,Graham Ave & Conselyea St,40.715143,-73.944507,61
325,Graham Ave & Grand St,40.711863,-73.944024,31
326,Graham Ave & Herbert St,40.71929301,-73.94500379,14
327,Graham Ave & Withers St,40.7169811,-73.94485918,37
328,Grand Army Plaza & Central Park S,40.7643971,-73.97371465,149
329,Grand Army Plaza & Plaza St West,40.6729679,-73.97087984,10
330,Grand St & Elizabeth St,40.718822,-73.99596,0
331,Grand St & Greene St,40.72165481,-74.00234737,58
332,Grand St & Havemeyer St,40.71286844,-73.95698119,118
333,Great Jones St,40.72743423,-73.99379025,202
334,Greene Ave & Nostrand Ave,40.6883337,-73.950916,26
335,Greene Ave & Throop Ave,40.6894932,-73.942061,3
336,Greenpoint Ave & Manhattan Ave,40.73026,-73.95394,70
337,Greenwich Ave & 8 Ave,40.73901691,-74.00263761,246
338,Greenwich Ave & Charles St,40.735238,-74.000271,183
339,Greenwich St & Hubert St,40.721319,-74.010065,0
340,Greenwich St & North Moore St,40.72015227,-74.01036501,47
341,Greenwich St & W Houston St,40.728846,-74.008591,106
342,Greenwich St & Warren St,40.71542197,-74.01121978,49
343,Halsey St & Tompkins Ave,40.6823687,-73.944118,11
344,Hancock St & Bedford Ave,40.68216564,-73.95399026,17
345,Hanson Pl & Ashland Pl,40.68506807,-73.9779076,50
346,Hanson Pl & St Felix St,40.6851596,-73.97711366,9
347,Harrison St & Hudson St,40.71870987,-74.0090009,28
348,Henry St & Atlantic Ave,40.69089272,-73.99612349,52
349,Henry St & Bay St,40.6725058,-74.00494695,0
350,Henry St & Degraw St,40.6847514,-73.99917254,7
351,Henry St & Grand St,40.714215,-73.981346,59
352,Henry St & Poplar St,40.700469,-73.991454,13
353,Henry St & W 9 St,40.6763744,-74.00324957,3
354,Hicks St & Montague St,40.69512845,-73.99595065,15
355,Hope St & Union Ave,40.71167351,-73.95141312,87
356,Howard St & Centre St,40.71910537,-73.99973337,127
357,Hoyt St & Warren St,40.6843549,-73.98901629,8
358,Hudson St & Reade St,40.71625008,-74.0091059,57
359,Humboldt St & Varet St,40.7031724,-73.940636,32
360,Huron St & Franklin St,40.73266,-73.95826,37
361,India St & East River,40.73165141,-73.96161892,2
362,India St & Manhattan Ave,40.73232194,-73.9550858,40
363,Jackson Ave & 46 Rd,40.74524768,-73.94733276,33
364,Jay St & Tech Pl,40.695065,-73.987167,18
365,John St & William St,40.70862144,-74.00722156,36
366,Johnson St & Gold St,40.69474881,-73.98362464,38
367,Kane St & Clinton St,40.6861758,-73.99645295,9
368,Kent Ave & N 7 St,40.72036775,-73.96165073,124
369,Kent Ave & S 11 St,40.70764494,-73.96841526,33
370,Kingston Ave & Herkimer St,40.67890679,-73.94142771,8
371,Kiosk in a box Motivate,40.6466779,-74.01630342,2
372,Kosciuszko St & Nostrand Ave,40.69072549,-73.95133465,12
373,Kosciuszko St & Tompkins Ave,40.69128258,-73.9452416,6
374,LaGuardia Pl & W 3 St,40.72917025,-73.99810231,261
375,Lafayette Ave & Classon Ave,40.68900443,-73.96023854,22
376,Lafayette Ave & Fort Greene Pl,40.68691865,-73.976682,28
377,Lafayette Ave & St James Pl,40.68851534,-73.9647628,40
378,Lafayette St & Jersey St,40.72430527,-73.99600983,92
379,Laight St & Hudson St,40.72185379,-74.00771779,14
380,Lawrence St & Willoughby St,40.69236178,-73.98631746,60
381,Lefferts Pl & Franklin Ave,40.68034242,-73.95576894,48
382,Leonard St & Bayard St,40.71928,-73.94861,13
383,Leonard St & Boerum St,40.70583339,-73.94644578,7
384,Leonard St & Church St,40.717571,-74.005549,78
385,Leonard St & Grand St,40.71103537,-73.94714303,42
386,Leonard St & Manhattan Ave,40.7215224,-73.94898266,12
387,Leonard St & Meeker Ave,40.7173184,-73.94820213,10
388,Lewis Ave & Decatur St,40.6814598,-73.934903,8
389,Lewis Ave & Kosciuszko St,40.69237074,-73.93705428,14
390,Lewis Ave & Madison St,40.686312,-73.935775,23
391,Lexington Ave & Classon Ave,40.68676793,-73.95928168,14
392,Lexington Ave & E 24 St,40.74025878,-73.98409214,115
393,Lexington Ave & E 29 St,40.74311555,-73.98215353,94
394,Lexington Ave & E 63 St,40.76440023,-73.96648977,21
395,Liberty St & Broadway,40.70905623,-74.01043382,71
396,Lispenard St & Broadway,40.71939226,-74.00247214,91
397,Little West St & 1 Pl,40.70569254,-74.01677685,75
398,Lorimer St & Broadway,40.70411791,-73.94818595,19
399,MacDougal St & Prince St,40.72710258,-74.00297088,194
400,MacDougal St & Washington Sq,40.73226398,-73.99852205,143
401,Macon St & Nostrand Ave,40.68098339,-73.95004798,60
402,Madison Ave & E 82 St,40.7781314,-73.96069399,0
403,Madison Ave & E 99 St,40.78948542,-73.95242929,8
404,Madison St & Clinton St,40.71269042,-73.98776323,55
405,Madison St & Montgomery St,40.713126,-73.984844,20
406,Maiden Ln & Pearl St,40.70706456,-74.00731853,26
407,Marcus Garvey Blvd & Macon St,40.682601,-73.938037,4
408,Marcy Ave & Lafayette Ave,40.6900815,-73.947915,11
409,Marin Light Rail,40.7148245,-74.04298067,0
410,Market St & Cherry St,40.71076228,-73.99400398,20
411,McGuinness Blvd & Eagle St,40.73555,-73.95284,38
412,McKibbin St & Manhattan Ave,40.70510918,-73.94407279,9
413,Mercer St & Bleecker St,40.72706363,-73.99662137,131
414,Mercer St & Spring St,40.72362738,-73.99949601,44
415,Meserole Ave & Manhattan Ave,40.72708584,-73.95299117,41
416,Metropolitan Ave & Bedford Ave,40.71534825,-73.96024116,133
417,Metropolitan Ave & Meeker Ave,40.71413311,-73.95234386,143
418,Milton St & Franklin St,40.72906,-73.95779,99
419,Monroe St & Bedford Ave,40.6851443,-73.95380904,21
420,Monroe St & Classon Ave,40.6845683,-73.95881081,8
421,Monroe St & Tompkins Ave,40.686203,-73.944694,19
422,Montague St & Clinton St,40.69428114,-73.99230033,15
423,Montrose Ave & Bushwick Ave,40.70767788,-73.94016171,101
424,Morris Canal,40.71241882,-74.03852552,0
425,Mott St & Prince St,40.72317958,-73.99480012,166
426,Murray St & West St,40.7149787,-74.013012,30
427,Myrtle Ave & Lewis Ave,40.69681963,-73.93756926,97
428,Myrtle Ave & Marcy Ave,40.69539817,-73.94954908,22
429,Myrtle Ave & St Edwards St,40.69327018,-73.97703874,9
430,N 11 St & Wythe Ave,40.72153267,-73.95782357,136
431,N 12 St & Bedford Ave,40.72079821,-73.95484712,75
432,N 15 St & Wythe Ave,40.724055,-73.955736,54
433,N 6 St & Bedford Ave,40.71745169,-73.95850939,142
434,N 8 St & Driggs Ave,40.71774592,-73.95600096,101
435,NYCBS Depot - FAR,40.751483,-73.996764,0
436,NYCBS Depot - PIT,40.71690978,-73.98383796,0
437,NYCBS Depot - SSP,40.646768,-74.01651,0
438,NYCBS Depot - STY,40.729193,-73.976655,0
439,NYCBS Depot BAL - DYR,0.00.0,0,0
440,Nassau Ave & Newell St,40.72481256,-73.94752622,29
441,Nassau Ave & Russell St,40.72557,-73.94434,25
442,Nassau St & Navy St,40.69839895,-73.98068914,18
443,Newport Pkwy,40.7287448,-74.0321082,0
444,Norfolk St & Broome St,40.7172274,-73.98802084,143
445,Norman Ave & Leonard St,40.7258483,-73.95064893,22
446,Nostrand Ave & Myrtle Ave,40.69527008,-73.95238108,22
447,Old Fulton St,40.70277159,-73.99383605,93
448,Old Slip & Front St,40.7037992,-74.00838676,20
449,Pacific St & Nevins St,40.6853761,-73.98302136,5
450,Park Ave & Marcus Garvey Blvd,40.698617,-73.941342,18
451,Park Ave & St Edwards St,40.69608941,-73.97803415,7
452,Paulus Hook,40.7141454,-74.0335519,0
453,Pearl St & Anchorage Pl,40.70281858,-73.98765762,21
454,Pearl St & Hanover Square,40.7047177,-74.00926027,40
455,Peck Slip & Front St,40.707873,-74.00167,82
456,Penn Station Valet,40.7512836,-73.99692446,0
457,Perry St & Bleecker St,40.73535398,-74.00483091,65
458,Pershing Square North,40.751873,-73.977706,170
459,Pershing Square South,40.751581,-73.97791,40
460,Pier 40 - Hudson River Park,40.72771408,-74.01129574,86
461,Pike St & E Broadway,40.71406667,-73.99293911,72
462,Pike St & Monroe St,40.71173107,-73.99193043,30
463,Pioneer St & Richards St,40.6777748,-74.0094613,4
464,Pioneer St & Van Brunt St,40.679043,-74.011169,13
465,Pitt St & Stanton St,40.71926081,-73.98178024,4
466,Plaza St West & Flatbush Ave,40.6750207,-73.97111473,22
467,President St & Henry St,40.6828003,-73.99990419,12
468,Prospect Park West & 8 St,40.66514682,-73.97637606,10
469,Prospect Pl & 6 Ave,40.6793307,-73.97519523,14
470,Pulaski St & Marcus Garvey Blvd,40.6933982,-73.939877,7
471,Putnam Ave & Nostrand Ave,40.68402,-73.94977,16
472,Putnam Ave & Throop Ave,40.6851532,-73.94111,7
473,Queens Plaza North & Crescent St,40.75110165,-73.94073717,61
474,Railroad Ave & Kay Ave,40.70531194,-73.97100056,1
475,Reade St & Broadway,40.71450451,-74.00562789,23
476,Reed St & Van Brunt St,40.6747844,-74.01612847,23
477,Richards St & Delavan St,40.6794327,-74.00785041,6
478,Richardson St & N Henry St,40.71907891,-73.9422369,17
479,Riverside Blvd & W 67 St,40.77750703,-73.98888588,33
480,Riverside Dr & W 104 St,40.8013434,-73.97114574,10
481,Riverside Dr & W 72 St,40.78057799,-73.98562431,21
482,Riverside Dr & W 78 St,40.78414472,-73.98362492,13
483,Riverside Dr & W 82 St,40.78720869,-73.98128127,25
484,Riverside Dr & W 91 St,40.7933718,-73.97685115,6
485,Rivington St & Chrystie St,40.72110063,-73.9919254,145
486,Rivington St & Ridge St,40.71850211,-73.98329859,63
487,Roebling St & N 4 St,40.71469,-73.95739,68
488,S 3 St & Bedford Ave,40.71260486,-73.96264403,65
489,S 4 St & Rodney St,40.70934,-73.95608,32
490,S 4 St & Wythe Ave,40.71285887,-73.96590294,105
491,S 5 Pl & S 4 St,40.710451,-73.960876,147
492,S Portland Ave & Hanson Pl,40.68539567,-73.97431458,25
493,SSP Tech Workshop,40.646678,-74.016263,0
494,Sands St & Navy St,40.699773,-73.979927,1
495,Schermerhorn St & Court St,40.69102926,-73.99183363,42
496,Scholes St & Manhattan Ave,40.70870368,-73.9448625,19
497,Smith St & 3 St,40.6787242,-73.99599099,10
498,Smith St & 9 St,40.6746957,-73.99785768,25
499,Soissons Landing,40.69231661,-74.01486576,0
500,South End Ave & Liberty St,40.711512,-74.015756,97
501,South St & Gouverneur Ln,40.70355377,-74.00670227,25
502,South St & Whitehall St,40.70122128,-74.01234218,27
503,Spruce St & Nassau St,40.71146364,-74.00552427,41
504,St James Pl & Oliver St,40.71307916,-73.99851193,45
505,St James Pl & Pearl St,40.71117416,-74.00016545,23
506,St Marks Pl & 1 Ave,40.72779126,-73.98564945,264
507,St Marks Pl & 2 Ave,40.7284186,-73.98713956,307
508,Stagg St & Union Ave,40.70877084,-73.95095259,37
509,Stanton St & Chrystie St,40.72229346,-73.99147535,163
510,Stanton St & Mangin St,40.71782143,-73.97628939,14
511,State St & Smith St,40.68926942,-73.98912867,36
512,Suffolk St & Stanton St,40.72066442,-73.98517977,179
513,Sullivan St & Washington Sq,40.73047747,-73.99906065,191
514,Throop Ave & Myrtle Ave,40.69622937,-73.94371094,3
515,Tompkins Ave & Hopkins St,40.69957608,-73.94708417,12
516,Union Ave & Jackson St,40.7160751,-73.952029,39
517,Union Ave & N 12 St,40.71924,-73.95242,56
518,Union Ave & Wallabout St,40.70029511,-73.95032283,3
519,Union St & 4 Ave,40.6772744,-73.98282002,30
520,University Pl & E 14 St,40.73492695,-73.99200509,161
521,University Pl & E 8 St,40.73143724,-73.99490342,73
522,Van Brunt St & Wolcott St,40.6773429,-74.01275056,16
523,Van Vorst Park,40.71848892,-74.04772663,0
524,Vernon Blvd & 50 Ave,40.74232744,-73.95411749,43
525,Verona Pl & Fulton St,40.68035608,-73.9476791,10
526,Vesey Pl & River Terrace,40.7153379,-74.01658354,60
527,W 100 St & Broadway,40.7973721,-73.97041192,30
528,W 100 St & Manhattan Ave,40.795,-73.9645,11
529,W 104 St & Amsterdam Ave,40.7989937,-73.96621738,33
530,W 106 St & Amsterdam Ave,40.8008363,-73.96644925,26
531,W 106 St & Central Park West,40.7981856,-73.9605909,28
532,W 107 St & Columbus Ave,40.7997568,-73.96211287,13
533,W 11 St & 6 Ave,40.73532427,-73.99800419,64
534,W 13 St & 5 Ave,40.73543934,-73.99453948,83
535,W 13 St & 6 Ave,40.73649403,-73.99704374,154
536,W 13 St & Hudson St,40.73997354,-74.00513873,264
537,W 14 St & The High Line,40.74195138,-74.00803013,93
538,W 15 St & 7 Ave,40.73935542,-73.99931783,160
539,W 16 St & The High Line,40.74334935,-74.00681753,117
540,W 17 St & 8 Ave,40.74177603,-74.00149746,147
541,W 18 St & 6 Ave,40.73971301,-73.99456405,49
542,W 20 St & 11 Ave,40.746745,-74.007756,66
543,W 20 St & 7 Ave,40.74238787,-73.99726235,145
544,W 20 St & 8 Ave,40.74345335,-74.00004031,140
545,W 21 St & 6 Ave,40.74173969,-73.99415556,115
546,W 22 St & 10 Ave,40.74691959,-74.00451887,137
547,W 22 St & 8 Ave,40.74475148,-73.99915362,194
548,W 24 St & 7 Ave,40.74487634,-73.99529885,95
549,W 25 St & 6 Ave,40.74395411,-73.99144871,88
550,W 26 St & 10 Ave,40.74971775,-74.00295035,81
551,W 26 St & 8 Ave,40.74734825,-73.99723551,192
552,W 27 St & 10 Ave,40.75018156,-74.00218427,91
553,W 27 St & 7 Ave,40.746647,-73.993915,94
554,W 31 St & 7 Ave,40.749156,-73.9916,102
555,W 33 St & 7 Ave,40.75019995,-73.99093085,174
556,W 34 St & 11 Ave,40.75594159,-74.0021163,57
557,W 37 St & 10 Ave,40.75660359,-73.9979009,27
558,W 37 St & 5 Ave,40.75038009,-73.98338988,48
559,W 38 St & 8 Ave,40.75466591,-73.99138152,96
560,W 39 St & 9 Ave,40.75645824,-73.99372222,141
561,W 4 St & 7 Ave S,40.73401143,-74.00293877,420
562,W 41 St & 8 Ave,40.75640548,-73.9900262,230
563,W 42 St & 8 Ave,40.7575699,-73.99098507,179
564,W 42 St & Dyer Ave,40.75898481,-73.99379969,75
565,W 43 St & 10 Ave,40.76009437,-73.99461843,78
566,W 43 St & 6 Ave,40.75527307,-73.98316936,33
567,W 44 St & 5 Ave,40.75500254,-73.98014437,29
568,W 45 St & 6 Ave,40.7568001,-73.98291153,83
569,W 45 St & 8 Ave,40.75929124,-73.98859651,142
570,W 46 St & 11 Ave,40.76341379,-73.99667444,76
571,W 47 St & 10 Ave,40.76269882,-73.99301222,107
572,W 49 St & 8 Ave,40.76227205,-73.98788205,141
573,W 52 St & 11 Ave,40.76727216,-73.99392888,55
574,W 52 St & 5 Ave,40.75992262,-73.97648516,35
575,W 52 St & 9 Ave,40.76461837,-73.98789473,129
576,W 53 St & 10 Ave,40.76669671,-73.99061728,60
577,W 54 St & 9 Ave,40.76584941,-73.98690506,81
578,W 56 St & 10 Ave,40.768254,-73.988639,74
579,W 56 St & 6 Ave,40.76340613,-73.97722479,4
580,W 59 St & 10 Ave,40.770513,-73.988038,43
581,W 63 St & Broadway,40.77163851,-73.98261428,31
582,W 64 St & West End Ave,40.77452835,-73.98753759,21
583,W 67 St & Broadway,40.77492513,-73.98266566,29
584,W 70 St & Amsterdam Ave,40.77748046,-73.98288594,67
585,W 74 St & Columbus Ave,40.7785669,-73.97754961,29
586,W 76 St & Columbus Ave,40.78018397,-73.97728533,52
587,W 78 St & Broadway,40.78339981,-73.98093133,28
588,W 82 St & Central Park West,40.78275,-73.97137,14
589,W 84 St & Broadway,40.7867947,-73.977112,42
590,W 84 St & Columbus Ave,40.78499979,-73.97283406,57
591,W 87 St  & Amsterdam Ave,40.78839,-73.9747,46
592,W 87 St & West End Ave,40.790261,-73.977131,16
593,W 88 St & West End Ave,40.79025417,-73.9771834,0
594,W 89 St & Columbus Ave,40.7882213,-73.97041561,10
595,W 90 St & Amsterdam Ave,40.79017948,-73.97288918,18
596,W 92 St & Broadway,40.7921,-73.9739,23
597,W 95 St & Broadway,40.7937704,-73.971888,59
598,W Broadway & Spring St,40.72490985,-74.00154702,113
599,Warren St & Church St,40.71473993,-74.00910627,35
600,Warren St & Court St,40.686371,-73.99383324,24
601,Washington Ave & Greene Ave,40.68650065,-73.96563307,18
602,Washington Ave & Park Ave,40.69610226,-73.96751037,18
603,Washington Park,40.6917823,-73.9737299,3
604,Washington Pl & 6 Ave,40.73224119,-74.00026394,193
605,Washington Pl & Broadway,40.72903917,-73.99404649,63
606,Washington St & Gansevoort St,40.739323,-74.008119,168
607,Water - Whitehall Plaza,40.70255065,-74.0127234,25
608,Watts St & Greenwich St,40.72405549,-74.00965965,25
609,West Drive & Prospect Park West,40.66106337,-73.97945255,13
610,West End Ave & W 107 St,40.8021174,-73.96818053,27
611,West End Ave & W 94 St,40.7941654,-73.974124,10
612,West St & Chambers St,40.71754834,-74.01322069,109
613,West Thames St,40.70834698,-74.01713445,47
614,William St & Pine St,40.70717936,-74.00887308,30
615,Willoughby Ave & Hall St,40.69196035,-73.96536851,30
616,Willoughby Ave & Tompkins Ave,40.69425403,-73.94626915,14
617,Willoughby Ave & Walworth St,40.69331716,-73.95381995,11
618,Willoughby St & Fleet St,40.69196566,-73.9813018,15
619,Wolcott St & Dwight St,40.6753274,-74.0100698,1
620,Wyckoff St & 3 Ave,40.6827549,-73.98258555,6
621,Wythe Ave & Metropolitan Ave,40.716887,-73.963198,92
622,Yankee Ferry Terminal,40.686931,-74.016966,0
623,York St & Jay St,40.7014851,-73.98656928,33
